teacher_id,class_id,subject,room_id,day,slot,gender_compatible,teacher_available,room_type_compatible,building_match,primary_subject_match,feasible
T362,G3-B10,arabic,A-COM-09,Sunday,1,0,1,0,1,0,0
T102,G1-G06,french,A-CR-052,Tuesday,4,0,0,1,1,0,0
T449,G7-B05,art,B-CR-030,Monday,3,1,1,1,1,0,1
T332,G1-B09,social,A-CR-034,Sunday,2,0,1,1,1,1,0
T446,G8-B04,french,B-COM-07,Thursday,7,1,1,0,1,0,0
T261,G4-G02,history,A-CR-020,Sunday,1,0,1,1,1,0,0
T145,G1-G08,library,A-COM-03,Sunday,4,1,1,0,0,0,0
T178,G8-G02,pe,B-CR-059,Monday,1,1,1,0,0,0,0
T261,G2-B05,islamic,A-CR-024,Thursday,4,1,1,1,1,0,1
T374,G2-B09,arabic,A-CR-008,Thursday,7,1,1,1,0,0,1
T344,G4-B01,math,A-CR-090,Monday,8,1,1,1,0,0,1
T367,G8-B02,social,B-PG-01,Thursday,5,1,1,0,1,0,0
T044,G7-G04,chinese,B-CR-036,Sunday,3,1,1,1,0,0,1
T428,G8-B04,history,B-CR-043,Wednesday,6,1,1,1,1,0,1
T058,G8-G03,chinese,B-CR-053,Tuesday,3,0,1,1,0,0,0
T439,G9-B03,chinese,B-CR-019,Monday,6,0,0,1,1,0,0
T467,G5-B03,history,A-CR-055,Sunday,2,1,1,1,0,0,1
T315,G5-G05,english,A-COM-07,Wednesday,2,1,1,0,0,0,0
T364,G9-B03,french,B-MUS-01,Tuesday,6,0,1,0,1,0,0
T174,G1-B03,islamic,A-CR-006,Thursday,5,1,1,1,1,0,1
T475,G3-G04,science,A-CR-002,Sunday,8,0,1,0,0,1,0
T499,G3-B02,english,A-MUS-03,Thursday,2,1,1,0,1,0,0
T041,G2-G09,science,A-CR-001,Wednesday,2,0,1,0,0,1,0
T167,G1-G03,math,A-CR-030,Thursday,5,1,1,1,1,0,1
T339,G8-G04,geography,B-CR-048,Thursday,6,1,1,1,1,1,1
T213,G8-B01,history,B-CR-042,Thursday,4,0,1,1,0,0,0
T282,G2-B01,computer,A-CR-069,Sunday,1,1,1,0,0,0,0
T430,G3-G09,math,A-CR-070,Monday,5,0,1,1,1,0,0
T420,G5-B09,social,B-CR-026,Sunday,4,0,1,1,1,0,0
T309,G8-G05,social,B-CR-024,Sunday,7,1,1,1,0,0,1
T163,G4-G07,music,B-CR-078,Tuesday,8,0,1,1,0,0,0
T193,G4-B04,social,A-CR-013,Tuesday,3,0,1,1,0,0,0
T249,G2-G01,music,A-CR-056,Tuesday,6,1,1,1,1,0,1
T481,G7-G05,geography,B-CR-055,Monday,5,0,1,1,0,0,0
T193,G6-B08,islamic,B-CR-012,Sunday,3,0,1,1,1,0,0
T330,G1-B03,pe,A-CR-012,Thursday,4,0,1,0,0,0,0
T090,G3-G08,islamic,A-CR-021,Monday,8,1,1,1,1,0,1
T009,G2-G03,social,A-CR-060,Wednesday,5,0,1,1,1,0,0
T379,G1-G01,library,A-MUS-01,Thursday,4,1,1,0,0,0,0
T123,G2-B07,social,A-CR-071,Tuesday,1,0,1,1,0,0,0
T166,G1-G09,french,A-CR-057,Monday,1,1,0,1,1,0,0
T004,G5-G06,geography,B-CR-073,Tuesday,7,1,1,1,0,0,1
T354,G4-B05,english,A-CR-056,Tuesday,2,1,1,1,0,0,1
T255,G8-G01,music,B-CR-002,Monday,6,1,1,1,0,0,1
T178,G3-G06,english,A-CR-001,Monday,8,1,1,1,1,0,1
T108,G1-B04,library,A-CR-056,Wednesday,8,0,0,0,0,0,0
T035,G4-G05,english,A-CR-064,Monday,5,0,0,1,0,0,0
T486,G1-B04,french,A-CR-071,Monday,4,1,1,1,1,0,1
T360,G1-B09,pe,A-CR-088,Thursday,5,0,0,0,0,0,0
T415,G8-G05,computer,B-CR-028,Thursday,7,1,1,0,1,0,0
T040,G4-G02,french,A-CR-073,Thursday,7,1,1,1,0,0,1
T442,G8-G04,english,B-COM-08,Tuesday,4,0,0,0,0,0,0
T237,G7-B03,pe,B-LAB-03,Monday,8,1,1,0,1,0,0
T457,G2-B06,arabic,A-CR-021,Sunday,1,0,1,1,1,1,0
T179,G4-G09,pe,B-CR-018,Sunday,3,1,1,0,0,0,0
T298,G4-B07,geography,B-COM-03,Monday,7,0,1,0,1,0,0
T067,G5-B07,music,B-CR-011,Thursday,2,1,1,1,1,0,1
T302,G2-G02,science,A-CR-008,Wednesday,7,0,1,0,1,0,0
T382,G1-G02,arabic,A-COM-01,Thursday,8,0,0,0,0,0,0
T356,G9-B02,computer,B-COM-04,Thursday,5,0,0,0,1,0,0
T425,G1-G07,library,A-CR-084,Thursday,1,1,1,0,0,0,0
T147,G1-G10,library,A-CR-022,Sunday,5,1,0,0,0,0,0
T094,G3-B05,computer,A-CR-015,Tuesday,2,0,1,0,1,0,0
T013,G4-G02,history,A-COM-08,Tuesday,7,0,1,0,0,0,0
T198,G2-G08,english,A-CR-012,Monday,8,0,1,1,0,0,0
T262,G4-G07,french,B-LIB-01,Sunday,5,1,1,0,1,0,0
T019,G3-G04,music,A-CR-076,Thursday,3,0,1,1,0,0,0
T421,G1-G08,arabic,A-COM-03,Thursday,2,1,1,0,1,0,0
T228,G4-G03,social,A-CR-047,Tuesday,4,0,1,1,1,0,0
T445,G3-G06,music,A-CR-045,Monday,6,1,1,1,1,0,1
T417,G6-G01,computer,A-COM-01,Monday,1,1,1,0,1,0,0
T061,G8-G05,english,B-CR-078,Thursday,6,0,1,1,1,0,0
T059,G4-B03,science,A-CR-065,Wednesday,1,1,0,0,1,1,0
T013,G3-B10,french,A-CR-035,Sunday,6,1,0,1,0,0,0
T055,G6-B08,islamic,B-CR-011,Tuesday,4,1,1,1,1,0,1
T413,G4-G06,social,B-CR-020,Sunday,4,1,1,1,1,0,1
T072,G5-G06,science,B-CR-042,Thursday,2,1,1,0,1,1,0
T300,G6-B09,english,B-CR-002,Sunday,8,0,1,1,0,0,0
T334,G3-G05,art,A-COM-09,Sunday,3,1,1,0,0,0,0
T496,G6-G06,history,B-CR-078,Monday,8,0,1,1,1,0,0
T447,G8-B04,library,B-CR-059,Thursday,3,1,1,0,0,0,0
T047,G6-G10,social,B-CR-049,Tuesday,7,1,1,1,0,0,1
T229,G5-B09,social,B-COM-04,Monday,4,1,1,0,0,1,0
T147,G7-B04,music,B-CR-012,Tuesday,7,0,1,1,1,0,0
T214,G5-B03,pe,A-MUS-03,Tuesday,8,1,1,0,0,0,0
T417,G5-B10,arabic,B-CR-006,Thursday,8,0,1,1,0,0,0
T499,G3-B08,art,A-CR-045,Sunday,4,1,1,1,1,0,1
T148,G5-G02,music,A-CR-024,Monday,2,0,1,1,1,0,0
T441,G6-G06,english,B-MUS-04,Tuesday,1,0,1,0,0,1,0
T091,G5-B01,english,A-MUS-01,Thursday,4,0,1,0,0,0,0
T252,G3-B01,music,A-CR-030,Thursday,4,0,1,1,1,0,0
T329,G9-B06,geography,B-CR-050,Sunday,2,0,1,1,1,0,0
T429,G9-G05,music,B-CR-018,Sunday,4,1,1,1,0,0,1
T058,G5-B06,library,B-CR-075,Sunday,1,1,1,0,0,0,0
T226,G1-G03,islamic,A-CR-064,Tuesday,2,0,1,1,0,0,0
T073,G1-G08,social,A-CR-076,Thursday,4,1,1,1,1,0,1
T419,G6-G04,arabic,A-CR-059,Tuesday,8,0,0,1,0,0,0
T141,G3-G06,arabic,A-CR-021,Monday,3,1,1,1,1,0,1
T146,G2-B07,french,A-CR-082,Thursday,8,1,1,1,1,0,1
T035,G6-B03,english,A-COM-03,Monday,8,1,0,0,0,0,0
T166,G9-G02,islamic,B-CR-051,Wednesday,4,1,1,1,0,0,1
T496,G3-G03,art,A-CR-087,Sunday,2,0,1,1,0,0,0
T389,G5-G07,pe,B-CR-015,Wednesday,6,1,1,0,1,0,0
T212,G7-G06,library,B-CR-005,Wednesday,7,1,1,0,1,0,0
T480,G8-G06,history,B-CR-063,Wednesday,1,0,0,1,1,0,0
T169,G3-B10,english,A-CR-041,Sunday,1,1,1,1,0,0,1
T469,G1-B10,computer,A-CR-088,Wednesday,6,0,1,0,1,0,0
T191,G9-B01,arabic,B-MUS-04,Sunday,4,1,0,0,0,0,0
T464,G8-B02,art,B-CR-020,Monday,4,1,1,1,1,0,1
T337,G4-G04,geography,A-CR-072,Thursday,8,1,0,1,1,0,0
T380,G3-B06,english,A-CR-057,Monday,7,1,0,1,1,0,0
T007,G5-B02,art,A-CR-071,Monday,5,1,0,1,0,0,0
T161,G4-B10,arabic,B-CR-037,Wednesday,4,1,1,1,1,0,1
T113,G1-B08,pe,A-CR-020,Sunday,8,1,1,0,1,0,0
T156,G1-B05,islamic,A-PG-01,Thursday,2,1,1,0,0,0,0
T218,G1-G10,art,A-CR-040,Sunday,1,0,1,1,0,0,0
T432,G2-B06,math,A-CR-041,Sunday,4,1,1,1,1,0,1
T049,G4-G08,library,B-CR-032,Monday,7,1,1,0,0,0,0
T415,G4-B07,art,B-CR-007,Wednesday,8,0,1,1,1,0,0
T075,G6-G03,english,A-LAB-02,Monday,7,0,1,0,1,0,0
T429,G2-G04,social,A-CR-047,Sunday,3,1,1,1,1,0,1
T367,G8-G04,islamic,B-CR-027,Wednesday,1,0,1,1,1,0,0
T013,G1-G03,pe,A-CR-033,Wednesday,5,0,0,0,0,1,0
T496,G8-G01,geography,B-CR-030,Wednesday,5,0,0,1,1,0,0
T433,G1-B04,science,A-CR-013,Wednesday,8,0,1,0,1,0,0
T084,G5-G07,english,B-CR-045,Monday,4,0,1,1,0,0,0
T308,G2-B02,science,A-CR-003,Tuesday,4,1,1,0,1,0,0
T126,G2-B04,english,A-CR-062,Sunday,1,1,1,1,1,0,1
T139,G3-B05,music,A-CR-039,Tuesday,1,1,1,1,0,0,1
T141,G2-B07,computer,A-CR-045,Sunday,8,0,0,0,1,0,0
T431,G5-G03,science,A-CR-004,Thursday,3,0,1,0,0,0,0
T447,G3-B01,social,A-LAB-01,Sunday,2,1,1,0,1,0,0
T197,G9-B03,french,B-COM-01,Monday,2,0,1,0,1,0,0
T448,G9-G03,islamic,B-CR-041,Thursday,2,1,0,1,0,1,0
T086,G5-G02,arabic,A-CR-002,Monday,7,1,1,1,1,0,1
T052,G5-B07,french,B-COM-01,Sunday,4,0,1,0,0,0,0
T167,G1-B06,islamic,A-CR-024,Thursday,1,0,1,1,1,0,0
T059,G5-G07,history,B-CR-040,Thursday,2,0,0,1,0,0,0
T366,G1-G07,library,A-CR-048,Wednesday,6,1,1,0,1,0,0
T368,G2-B08,computer,A-COM-02,Tuesday,4,1,1,0,0,0,0
T460,G6-G10,arabic,B-CR-050,Tuesday,4,1,1,1,0,0,1
T489,G7-G03,history,B-COM-02,Tuesday,7,0,1,0,1,0,0
T181,G2-G10,math,A-CR-086,Monday,5,1,1,1,0,0,1
T307,G8-G03,geography,B-CR-077,Wednesday,6,0,1,1,0,1,0
T018,G6-B06,math,B-CR-074,Sunday,1,0,1,1,0,0,0
T429,G3-B04,art,A-CR-025,Wednesday,2,0,1,1,1,0,0
T173,G1-B05,math,A-CR-084,Sunday,4,0,1,1,0,1,0
T003,G3-B07,library,A-CR-013,Thursday,5,1,1,0,1,1,0
T274,G7-G04,history,B-CR-059,Monday,6,0,1,1,1,0,0
T090,G9-G06,math,B-CR-001,Sunday,4,1,1,1,0,0,1
T479,G6-G10,islamic,B-CR-060,Tuesday,5,1,0,1,1,0,0
T324,G7-G02,english,B-CR-068,Monday,8,0,1,1,1,0,0
T250,G1-G09,art,A-CR-073,Thursday,5,0,0,1,1,0,0
T213,G6-G01,history,A-CR-049,Thursday,1,1,1,1,1,0,1
T232,G7-G05,islamic,B-CR-023,Thursday,5,1,1,1,0,1,1
T422,G3-G08,islamic,A-CR-005,Sunday,3,0,1,1,1,1,0
T145,G2-G05,computer,A-CR-079,Tuesday,2,1,1,0,0,0,0
T359,G2-B10,islamic,A-PG-02,Sunday,3,1,1,0,1,0,0
T065,G5-G07,geography,B-CR-013,Tuesday,5,1,1,1,0,0,1
T189,G4-B10,french,B-CR-011,Thursday,4,1,1,1,1,0,1
T251,G4-B03,math,A-CR-030,Tuesday,4,0,1,1,0,1,0
T424,G3-B04,math,A-CR-052,Tuesday,8,0,1,1,1,1,0
T005,G4-B10,library,B-CR-028,Tuesday,1,1,1,0,0,1,0
T424,G4-G01,french,A-CR-029,Sunday,7,1,1,1,1,0,1
T470,G7-G01,pe,B-CR-058,Tuesday,1,0,1,0,1,0,0
T166,G1-G08,art,A-CR-006,Sunday,6,1,1,1,1,0,1
T014,G1-G03,english,A-MUS-03,Monday,5,1,0,0,1,0,0
T063,G1-B04,computer,A-COM-01,Monday,8,0,1,0,1,0,0
T015,G5-G07,music,B-CR-054,Thursday,7,0,1,1,1,0,0
T283,G7-G06,art,B-CR-073,Thursday,1,0,1,1,1,0,0
T379,G1-B05,arabic,A-COM-05,Sunday,2,0,1,0,0,0,0
T028,G6-B06,computer,B-CR-038,Monday,1,0,0,0,1,1,0
T442,G5-G04,arabic,A-CR-063,Tuesday,3,0,1,1,1,0,0
T121,G3-B09,english,A-CR-071,Wednesday,3,0,1,1,1,0,0
T384,G2-G01,computer,A-PG-03,Sunday,5,0,1,0,0,0,0
T439,G5-G06,science,B-CR-062,Tuesday,1,1,1,0,1,0,0
T395,G5-G05,library,A-CR-041,Tuesday,4,0,0,0,0,0,0
T457,G3-G07,science,A-CR-008,Monday,2,1,1,0,1,0,0
T068,G6-B01,art,A-CR-063,Tuesday,7,0,1,1,1,0,0
T027,G6-B02,islamic,A-CR-008,Thursday,3,1,0,1,0,0,0
T161,G1-G09,art,A-CR-068,Monday,3,0,1,1,0,0,0
T197,G4-G09,french,B-CR-076,Monday,7,1,1,1,1,0,1
T255,G4-G03,pe,A-COM-06,Sunday,3,1,1,0,1,0,0
T089,G5-G08,islamic,B-CR-077,Tuesday,7,1,1,1,1,0,1
T322,G9-B04,french,B-CR-041,Monday,5,0,0,1,0,0,0
T030,G5-G07,library,B-CR-004,Monday,2,1,1,0,1,0,0
T078,G2-G10,library,A-CR-065,Wednesday,1,1,1,0,0,0,0
T052,G8-G03,geography,B-CR-055,Wednesday,4,1,1,1,0,1,1
T264,G9-B02,math,B-CR-039,Monday,8,1,1,1,0,0,1
T006,G5-B01,french,A-CR-013,Tuesday,5,0,1,1,0,0,0
T086,G6-G05,pe,A-CR-075,Monday,4,1,1,0,1,0,0
T026,G3-B08,islamic,A-CR-060,Sunday,4,0,1,1,0,0,0
T409,G1-B09,french,A-CR-007,Wednesday,6,1,1,1,1,0,1
T019,G1-B09,islamic,A-CR-023,Tuesday,2,1,1,1,0,0,1
T225,G7-G06,french,B-CR-018,Tuesday,6,1,1,1,0,0,1
T127,G6-G10,art,B-COM-05,Thursday,7,1,1,0,0,0,0
T018,G5-B05,geography,A-CR-043,Thursday,6,0,0,1,1,0,0
T423,G4-B09,arabic,B-CR-073,Sunday,2,1,1,1,0,0,1
T480,G6-G07,art,B-CR-021,Tuesday,3,0,1,1,1,0,0
T219,G1-B04,science,A-PG-02,Thursday,5,0,1,0,1,0,0
T023,G3-G02,arabic,A-CR-030,Sunday,2,0,1,1,1,0,0
T113,G6-G02,social,A-CR-002,Thursday,7,0,1,1,1,0,0
T410,G3-B08,french,A-CR-088,Tuesday,6,0,1,1,0,0,0
T422,G9-G02,french,B-CR-037,Wednesday,2,0,1,1,0,0,0
T340,G6-G01,english,A-CR-027,Wednesday,4,1,1,1,1,0,1
T408,G8-B01,science,B-CR-012,Tuesday,1,0,1,0,0,1,0
T006,G5-B02,pe,A-CR-055,Wednesday,1,0,1,0,0,0,0
T480,G3-B02,science,A-CR-031,Thursday,4,1,0,0,0,1,0
T028,G2-G09,islamic,A-CR-060,Tuesday,7,1,0,1,0,0,0
T293,G3-G04,pe,A-CR-047,Sunday,6,0,1,0,1,0,0
T376,G2-B06,science,A-CR-048,Thursday,6,0,1,0,0,0,0
T181,G6-B08,library,B-CR-048,Sunday,5,0,0,0,1,0,0
T146,G3-G10,islamic,A-CR-087,Thursday,5,0,0,1,1,1,0
T198,G9-G06,pe,B-MUS-03,Wednesday,6,0,1,0,1,0,0
T464,G3-B02,library,A-CR-036,Wednesday,5,1,0,0,0,0,0
T120,G5-G07,music,B-CR-046,Thursday,3,0,1,1,0,0,0
T238,G2-B03,computer,A-CR-030,Monday,7,1,1,0,1,0,0
T294,G6-B09,french,B-MUS-02,Wednesday,3,1,1,0,0,0,0
T375,G8-G06,social,B-COM-05,Thursday,5,1,1,0,0,0,0
T431,G5-B05,music,A-CR-062,Wednesday,1,1,0,1,0,0,0
T243,G3-B08,pe,A-CR-080,Tuesday,5,0,1,0,0,0,0
T471,G6-B05,art,A-CR-043,Monday,7,1,1,1,1,0,1
T411,G7-G02,music,B-CR-041,Thursday,6,1,1,1,1,0,1
T389,G2-G02,math,A-CR-080,Wednesday,8,1,1,1,0,0,1
T454,G5-G08,science,B-CR-060,Wednesday,4,0,1,0,0,0,0
T241,G7-G05,pe,B-PG-04,Thursday,8,0,1,1,0,0,0
T411,G6-G05,english,A-CR-044,Monday,2,1,0,1,0,0,0
T163,G4-G09,islamic,B-CR-031,Tuesday,6,0,1,1,0,0,0
T036,G5-G05,music,A-CR-040,Sunday,4,1,1,1,0,1,1
T059,G4-G04,arabic,A-COM-02,Tuesday,4,0,1,0,1,0,0
T482,G1-G01,french,A-COM-06,Monday,3,1,1,0,0,0,0
T191,G3-B09,library,A-COM-09,Sunday,1,1,1,0,1,0,0
T355,G4-G02,music,A-CR-060,Monday,8,0,0,1,0,0,0
T397,G3-G10,arabic,A-CR-029,Thursday,2,0,1,1,0,0,0
T477,G9-G06,social,B-CR-027,Wednesday,7,1,1,1,0,1,1
T232,G7-B05,pe,B-CR-073,Thursday,4,0,1,0,0,0,0
T283,G3-G09,music,A-CR-076,Wednesday,8,0,1,1,0,0,0
T178,G1-G10,french,A-CR-003,Wednesday,4,1,1,1,1,0,1
T206,G1-G08,math,A-CR-059,Monday,1,0,1,1,0,0,0
T252,G1-G03,pe,A-CR-021,Sunday,7,1,1,0,1,0,0
T274,G8-G01,social,B-CR-042,Monday,3,0,0,1,1,0,0
T450,G2-G03,computer,A-CR-007,Thursday,8,1,1,0,0,0,0
T094,G1-B03,islamic,A-CR-056,Sunday,4,0,1,1,1,0,0
T187,G4-B05,pe,A-LAB-02,Sunday,8,1,1,0,0,0,0
T170,G9-G06,chinese,B-CR-064,Monday,8,0,1,1,1,0,0
T051,G6-G07,computer,B-CR-031,Thursday,6,0,1,0,0,0,0
T479,G9-G01,arabic,B-CR-045,Wednesday,7,1,1,1,1,0,1
T065,G7-G01,library,B-CR-010,Thursday,8,1,1,0,0,0,0
T493,G4-G07,history,B-MUS-03,Monday,8,0,1,0,1,0,0
T049,G3-G04,english,A-CR-060,Wednesday,5,1,1,1,1,0,1
T282,G1-B01,pe,A-CR-006,Monday,5,1,0,0,0,0,0
T221,G3-B01,science,A-CR-087,Thursday,8,1,1,0,0,0,0
T488,G3-B01,social,A-CR-089,Monday,5,1,1,1,0,0,1
T453,G3-B09,pe,A-CR-044,Wednesday,2,1,1,0,0,0,0
T246,G5-G01,geography,A-CR-069,Tuesday,4,1,1,1,0,0,1
T380,G7-G05,music,B-CR-010,Tuesday,6,0,1,1,0,0,0
T251,G7-G03,art,B-CR-044,Tuesday,2,1,1,1,1,0,1
T281,G9-B04,chinese,B-CR-036,Monday,3,1,1,1,1,0,1
T434,G8-G05,math,B-CR-012,Monday,7,0,1,1,0,0,0
T263,G4-B09,social,B-COM-01,Monday,4,0,1,0,1,0,0
T032,G8-B05,library,B-COM-04,Sunday,7,0,1,0,0,0,0
T351,G2-G09,english,A-CR-003,Wednesday,6,0,1,1,0,0,0
T389,G5-G08,math,B-CR-012,Thursday,8,1,0,1,1,0,0
T137,G5-B07,computer,B-CR-071,Wednesday,1,1,1,0,1,0,0
T315,G7-B01,history,B-CR-023,Monday,7,0,1,1,1,0,0
T437,G9-B05,chinese,B-CR-067,Wednesday,1,1,1,1,0,0,1
T048,G8-B05,islamic,B-CR-067,Thursday,7,0,1,1,1,0,0
T350,G4-B05,geography,A-CR-005,Wednesday,1,1,0,1,1,0,0
T490,G9-B06,science,B-CR-057,Tuesday,5,0,1,0,0,0,0
T126,G2-B10,english,A-CR-001,Wednesday,7,1,1,1,1,0,1
T213,G4-B10,islamic,B-CR-071,Thursday,4,0,1,1,0,0,0
T471,G2-B02,french,A-CR-017,Wednesday,4,1,1,1,1,0,1
T174,G4-G04,geography,A-CR-072,Tuesday,7,0,1,1,1,0,0
T487,G6-G06,library,B-CR-067,Wednesday,1,0,0,0,1,0,0
T316,G7-G03,chinese,B-CR-010,Wednesday,6,0,1,1,0,0,0
T408,G7-B02,english,B-CR-050,Wednesday,3,0,1,1,0,0,0
T371,G4-G01,computer,A-CR-062,Wednesday,3,1,1,0,1,0,0
T042,G2-G08,computer,A-CR-003,Thursday,1,0,0,0,1,0,0
T371,G7-B03,art,B-CR-042,Wednesday,1,0,1,1,0,0,0
T466,G9-B04,pe,B-PG-04,Sunday,7,1,1,1,0,0,1
T441,G4-G05,library,A-CR-086,Monday,8,0,1,0,1,0,0
T394,G7-G06,islamic,B-CR-071,Monday,1,1,1,1,0,0,1
T026,G6-B05,english,A-CR-051,Tuesday,7,0,0,1,0,0,0
T309,G9-B02,arabic,B-PG-03,Tuesday,4,0,1,0,0,0,0
T063,G2-G06,english,A-CR-009,Wednesday,6,1,0,1,1,0,0
T090,G3-G03,science,A-CR-053,Tuesday,7,1,1,0,1,0,0
T354,G3-G02,art,A-CR-047,Tuesday,7,0,1,1,0,0,0
T249,G1-B05,islamic,A-CR-073,Tuesday,2,0,1,1,1,0,0
T305,G4-B10,history,B-CR-060,Wednesday,1,0,1,1,1,0,0
T159,G1-B07,library,A-CR-054,Thursday,1,1,1,0,1,0,0
T313,G4-B06,history,B-CR-076,Tuesday,4,0,1,1,0,0,0
T329,G1-G05,art,A-CR-028,Sunday,1,1,1,1,0,0,1
T287,G4-B02,pe,A-CR-081,Sunday,4,1,1,0,0,0,0
T374,G2-B05,art,A-CR-017,Monday,1,1,1,1,0,0,1
T444,G6-G07,english,B-CR-016,Thursday,3,1,1,1,0,0,1
T273,G5-G02,islamic,A-CR-030,Monday,3,0,0,1,0,1,0
T414,G5-B03,music,A-CR-036,Wednesday,2,1,1,1,0,0,1
T371,G2-G10,art,A-CR-032,Thursday,4,1,1,1,1,0,1
T146,G9-B01,social,B-PG-03,Wednesday,5,1,1,0,0,0,0
T164,G9-G05,social,B-CR-052,Tuesday,3,1,1,1,0,0,1
T142,G2-G07,french,A-CR-090,Thursday,2,1,1,1,1,0,1
T366,G7-B02,art,B-CR-028,Monday,5,0,1,1,0,0,0
T107,G8-B02,math,B-CR-004,Sunday,1,0,1,1,0,1,0
T006,G1-B04,pe,A-COM-08,Tuesday,7,0,1,0,0,0,0
T168,G8-B05,arabic,B-CR-071,Wednesday,4,1,1,1,0,0,1
T375,G9-G03,chinese,B-CR-062,Sunday,4,1,1,1,0,0,1
T378,G4-G02,islamic,A-CR-001,Sunday,5,1,1,1,1,0,1
T472,G8-G02,science,B-CR-027,Thursday,2,1,1,0,0,0,0
T348,G9-B03,french,B-LAB-03,Thursday,1,0,1,0,1,0,0
T109,G3-B10,music,A-CR-008,Tuesday,7,0,1,1,0,0,0
T105,G4-B05,math,A-CR-028,Tuesday,2,0,1,1,1,0,0
T234,G1-G02,math,A-CR-052,Thursday,6,1,1,1,1,0,1
T207,G2-G08,music,A-CR-057,Sunday,7,0,1,1,1,0,0
T433,G7-G02,math,B-CR-046,Wednesday,2,1,1,1,0,1,1
T439,G2-G01,math,A-CR-084,Wednesday,6,1,1,1,0,0,1
T437,G8-G02,art,B-CR-072,Wednesday,3,0,1,1,0,0,0
T316,G7-B02,computer,B-CR-034,Wednesday,3,1,1,0,0,0,0
T141,G1-G01,music,A-CR-017,Thursday,5,1,1,1,1,0,1
T280,G5-B09,islamic,B-CR-049,Thursday,8,1,0,1,1,0,0
T392,G4-G02,art,A-CR-083,Wednesday,7,1,1,1,0,0,1
T137,G1-G02,english,A-CR-034,Thursday,5,0,1,1,0,0,0
T009,G1-G02,english,A-CR-048,Tuesday,4,0,1,1,1,0,0
T391,G2-G08,arabic,A-PG-02,Sunday,5,1,1,0,1,0,0
T030,G7-B06,pe,B-CR-070,Wednesday,4,0,1,0,1,0,0
T295,G3-B04,pe,A-PG-02,Wednesday,7,1,1,1,1,0,1
T311,G1-B04,arabic,A-CR-063,Tuesday,1,0,1,1,1,0,0
T131,G7-G01,math,B-COM-04,Wednesday,6,0,1,0,1,0,0
T211,G4-B05,english,A-CR-086,Monday,8,1,1,1,0,0,1
T359,G3-B06,math,A-CR-073,Monday,6,1,1,1,1,0,1
T125,G1-G05,french,A-CR-039,Tuesday,6,1,1,1,1,0,1
T408,G9-B02,math,B-CR-044,Tuesday,5,0,1,1,0,0,0
T391,G6-G04,arabic,A-CR-057,Thursday,1,1,0,1,1,0,0
T143,G6-B01,math,A-CR-006,Thursday,4,0,1,1,0,0,0
T147,G7-B01,pe,B-CR-071,Sunday,4,0,1,0,1,0,0
T439,G1-G10,science,A-CR-002,Wednesday,8,1,1,0,0,0,0
T244,G4-G03,music,A-CR-003,Thursday,4,1,1,1,1,0,1
T063,G8-B04,chinese,B-CR-019,Wednesday,8,0,0,1,0,0,0
T293,G4-B08,french,B-CR-007,Wednesday,1,1,1,1,0,0,1
T433,G8-B02,english,B-CR-013,Sunday,5,0,1,1,0,0,0
T293,G6-G04,math,A-CR-066,Monday,7,0,1,1,1,0,0
T128,G2-G05,science,A-CR-040,Monday,5,1,1,0,1,0,0
T351,G6-G07,science,B-CR-037,Thursday,6,0,1,0,1,0,0
T418,G4-G07,computer,B-CR-059,Wednesday,6,0,1,0,1,0,0
T174,G5-G01,computer,A-CR-061,Wednesday,6,0,1,0,1,0,0
T103,G7-G03,math,B-CR-071,Tuesday,8,0,1,1,1,1,0
T311,G2-G05,english,A-MUS-02,Tuesday,5,1,0,0,1,0,0
T252,G7-G01,french,B-CR-001,Tuesday,4,1,1,1,0,0,1
T493,G7-B06,history,B-CR-015,Sunday,4,1,0,1,1,0,0
T406,G4-G08,library,B-CR-070,Tuesday,2,1,1,0,1,0,0
T428,G8-B04,computer,B-CR-016,Thursday,3,1,1,0,1,0,0
T357,G2-B07,french,A-MUS-02,Monday,4,0,0,0,0,0,0
T066,G5-G02,library,A-CR-018,Wednesday,5,0,1,0,1,0,0
T261,G7-G05,islamic,B-COM-06,Thursday,5,0,1,0,0,0,0
T171,G9-G06,music,B-CR-032,Sunday,4,1,1,1,1,0,1
T333,G8-B03,library,B-COM-01,Tuesday,4,1,1,0,0,0,0
T010,G4-B01,arabic,A-CR-033,Tuesday,3,0,1,1,0,0,0
T275,G2-B10,arabic,A-CR-022,Tuesday,1,0,0,1,0,0,0
T181,G5-G05,science,A-CR-029,Thursday,3,1,1,0,0,0,0
T014,G1-G04,library,A-CR-043,Tuesday,1,1,1,0,1,0,0
T100,G9-B03,french,B-CR-020,Sunday,5,0,1,1,0,0,0
T057,G4-B03,pe,A-CR-043,Monday,8,1,1,0,0,0,0
T056,G6-G01,social,A-COM-04,Sunday,1,0,0,0,0,0,0
T098,G3-B03,arabic,A-CR-037,Thursday,5,0,1,1,0,1,0
T374,G6-B09,music,B-LAB-03,Wednesday,8,1,1,0,1,0,0
T421,G6-B01,science,A-CR-002,Wednesday,6,0,1,0,1,0,0
T360,G7-B02,art,B-CR-003,Monday,1,0,0,1,1,0,0
T042,G5-B10,art,B-CR-011,Tuesday,8,1,1,1,0,0,1
T224,G4-B03,math,A-COM-07,Sunday,2,1,1,0,1,0,0
T221,G1-B07,islamic,A-CR-036,Wednesday,8,1,1,1,0,0,1
T407,G5-B07,art,B-MUS-02,Sunday,1,1,1,0,1,0,0
T408,G7-B01,math,B-CR-073,Monday,3,0,1,1,0,0,0
T020,G8-G04,science,B-CR-012,Thursday,5,1,0,0,1,0,0
T400,G7-B04,english,B-CR-066,Sunday,4,1,1,1,0,0,1
T179,G1-G07,library,A-CR-055,Sunday,7,1,1,0,1,0,0
T441,G1-B07,art,A-CR-010,Thursday,4,1,1,1,1,0,1
T143,G1-G03,music,A-CR-030,Thursday,7,1,1,1,0,0,1
T026,G1-B03,pe,A-CR-083,Wednesday,8,0,1,0,0,0,0
T070,G7-B06,music,B-CR-049,Tuesday,7,0,0,1,0,0,0
T465,G3-B02,art,A-CR-048,Tuesday,1,0,1,1,0,0,0
T017,G4-G10,art,B-CR-023,Thursday,2,0,1,1,0,0,0
T025,G1-G09,science,A-PG-03,Monday,4,0,0,0,1,0,0
T476,G2-B09,pe,A-CR-066,Tuesday,2,0,1,0,0,0,0
T111,G8-B04,art,B-COM-06,Monday,4,0,1,0,1,0,0
T066,G9-B01,social,B-CR-035,Monday,2,1,1,1,0,0,1
T140,G9-G01,art,B-CR-055,Monday,1,1,1,1,0,0,1
T186,G1-G03,computer,A-CR-039,Wednesday,8,1,1,0,1,0,0
T268,G1-B02,art,A-CR-001,Thursday,8,0,1,1,1,0,0
T150,G6-B05,arabic,A-COM-07,Tuesday,1,1,1,0,1,0,0
T410,G9-B05,islamic,B-COM-03,Monday,5,0,1,0,1,1,0
T292,G4-B06,computer,B-CR-044,Tuesday,8,1,1,0,0,0,0
T427,G9-G01,art,B-CR-018,Sunday,4,1,1,1,1,0,1
T013,G5-B09,islamic,B-CR-042,Tuesday,4,1,0,1,1,0,0
T279,G3-G08,french,A-CR-024,Wednesday,2,0,1,1,1,0,0
T389,G6-B03,history,A-LAB-01,Thursday,4,0,1,0,0,0,0
T125,G2-B04,islamic,A-CR-008,Monday,5,0,1,1,1,1,0
T082,G2-B09,islamic,A-CR-034,Monday,2,1,1,1,1,0,1
T366,G4-B09,math,B-CR-041,Sunday,3,0,1,1,0,0,0
T200,G1-G02,english,A-COM-03,Tuesday,5,1,1,0,1,0,0
T231,G6-G09,social,B-COM-01,Wednesday,2,1,0,0,0,0,0
T421,G4-G08,history,B-CR-057,Wednesday,5,1,1,1,0,0,1
T380,G5-G07,english,B-CR-079,Wednesday,5,0,1,1,0,0,0
T428,G4-B10,islamic,B-CR-074,Thursday,8,1,1,1,1,0,1
T488,G6-B06,computer,B-CR-059,Wednesday,2,1,1,0,1,0,0
T241,G8-G06,math,B-COM-07,Thursday,1,0,1,0,0,0,0
T408,G2-B01,science,A-CR-048,Wednesday,6,0,1,0,1,1,0
T121,G9-B06,english,B-CR-069,Thursday,5,0,1,1,0,0,0
T182,G9-B02,science,B-CR-011,Sunday,2,0,0,0,0,0,0
T160,G1-G03,music,A-CR-021,Monday,1,1,1,1,0,0,1
T246,G8-B05,islamic,B-CR-062,Tuesday,1,0,1,1,1,0,0
T488,G8-B06,arabic,B-LIB-01,Monday,8,1,1,0,1,1,0
T499,G9-G05,social,B-CR-074,Thursday,8,0,1,1,0,0,0
T168,G3-G07,computer,A-CR-032,Tuesday,3,0,1,0,1,0,0
T362,G9-G01,geography,B-CR-009,Thursday,7,1,1,1,0,0,1
T493,G4-G06,english,B-MUS-02,Wednesday,2,0,1,0,1,0,0
T011,G8-B01,french,B-CR-036,Wednesday,6,1,1,1,0,1,1
T280,G6-B01,pe,A-CR-088,Wednesday,6,1,1,0,0,0,0
T422,G6-B08,math,B-CR-040,Tuesday,2,1,1,1,0,0,1
T205,G5-G04,science,A-CR-034,Monday,6,1,1,0,0,0,0
T003,G8-G01,art,B-CR-012,Wednesday,8,0,1,1,0,0,0
T143,G5-B09,french,B-CR-034,Tuesday,7,0,1,1,1,0,0
T224,G4-B02,math,A-CR-009,Thursday,1,1,1,1,1,0,1
T014,G1-B05,science,A-CR-088,Wednesday,2,0,1,0,1,0,0
T064,G3-B07,french,A-CR-034,Tuesday,5,1,1,1,1,0,1
T113,G2-B02,art,A-CR-058,Tuesday,2,1,1,1,1,0,1
T153,G4-B07,science,B-CR-080,Wednesday,1,0,1,0,0,0,0
T170,G4-G02,science,A-CR-090,Thursday,8,0,1,0,0,0,0
T245,G3-B02,pe,A-CR-088,Wednesday,1,1,1,0,1,0,0
T099,G7-B05,computer,B-COM-06,Monday,6,1,1,0,1,0,0
T187,G5-B08,geography,B-PG-04,Thursday,8,1,1,0,1,0,0
T324,G5-G10,english,B-CR-017,Wednesday,1,0,1,1,1,0,0
T296,G7-G05,islamic,B-CR-046,Monday,5,1,1,1,0,0,1
T358,G7-B06,french,B-LIB-01,Thursday,3,1,1,0,1,0,0
T242,G4-B03,english,A-CR-002,Tuesday,8,0,1,1,1,0,0
T208,G7-G04,art,B-CR-071,Wednesday,2,1,1,1,0,0,1
T329,G2-B10,art,A-CR-020,Sunday,4,0,1,1,0,0,0
T440,G1-B07,islamic,A-CR-072,Monday,5,0,1,1,0,0,0
T131,G5-G01,french,A-CR-074,Thursday,1,0,1,1,0,0,0
T060,G6-G05,computer,A-CR-020,Thursday,7,1,1,0,0,0,0
T413,G1-G02,computer,A-CR-072,Sunday,4,1,1,0,0,0,0
T480,G5-G01,islamic,A-CR-031,Sunday,8,0,1,1,0,0,0
T196,G9-G02,arabic,B-LIB-01,Sunday,3,1,0,0,0,0,0
T394,G4-G03,music,A-MUS-02,Wednesday,5,1,1,0,1,0,0
T337,G5-B10,islamic,B-CR-060,Thursday,5,0,1,1,0,1,0
T052,G6-B06,arabic,B-CR-032,Wednesday,8,0,1,1,0,0,0
T486,G8-G02,math,B-CR-078,Wednesday,4,0,1,1,0,0,0
T033,G6-B03,music,A-COM-07,Wednesday,3,1,1,0,1,1,0
T403,G2-B07,english,A-CR-040,Wednesday,4,0,1,1,0,1,0
T152,G4-G07,math,B-PG-03,Thursday,3,1,1,0,0,0,0
T181,G9-G05,french,B-MUS-03,Sunday,5,1,0,0,1,0,0
T082,G1-B10,computer,A-COM-05,Wednesday,6,1,1,0,1,0,0
T177,G1-B06,computer,A-CR-040,Thursday,5,1,1,0,0,0,0
T103,G4-G02,islamic,A-PG-01,Sunday,5,0,1,0,0,0,0
T130,G2-G05,pe,A-CR-028,Tuesday,8,1,0,0,1,0,0
T006,G2-B02,pe,A-CR-020,Monday,8,0,1,0,0,0,0
T058,G6-G01,geography,A-CR-051,Thursday,8,0,1,1,1,1,0
T461,G9-B05,science,B-COM-06,Tuesday,6,0,1,0,1,0,0
T253,G4-G05,history,A-CR-006,Thursday,7,1,1,1,1,0,1
T009,G5-B02,science,A-COM-03,Wednesday,6,1,1,0,1,0,0
T305,G7-G03,computer,B-CR-034,Monday,4,1,0,0,1,0,0
T057,G5-G01,english,A-CR-052,Thursday,7,0,1,1,0,1,0
T337,G5-B02,library,A-CR-059,Monday,7,0,1,0,1,0,0
T372,G2-G10,arabic,A-CR-014,Sunday,6,0,1,1,0,0,0
T028,G5-G07,music,B-COM-08,Wednesday,7,1,1,0,1,0,0
T414,G3-G07,french,A-CR-081,Wednesday,3,0,0,1,0,0,0
T386,G5-G02,english,A-CR-006,Wednesday,1,1,0,1,0,0,0
T274,G9-G04,arabic,B-CR-056,Monday,6,0,1,1,1,0,0
T030,G6-G02,computer,A-CR-020,Sunday,8,1,1,0,0,1,0
T189,G7-B02,islamic,B-CR-052,Sunday,8,1,1,1,1,0,1
T453,G6-G10,english,B-CR-046,Sunday,3,0,1,1,1,0,0
T205,G1-B09,pe,A-CR-089,Wednesday,3,0,1,0,0,0,0
T291,G1-G06,music,A-COM-06,Sunday,8,0,1,0,0,0,0
T182,G3-G10,library,A-CR-056,Tuesday,6,1,1,0,1,0,0
T322,G2-B02,music,A-CR-085,Thursday,7,0,1,1,1,0,0
T288,G2-G04,social,A-CR-043,Sunday,6,1,1,1,1,0,1
T214,G3-G04,arabic,A-CR-078,Thursday,7,0,1,1,0,0,0
T232,G1-G03,computer,A-CR-085,Tuesday,8,1,1,0,1,0,0
T342,G8-G05,library,B-CR-011,Thursday,1,0,1,0,1,0,0
T076,G3-G10,computer,A-CR-084,Thursday,2,0,1,0,0,0,0
T193,G5-G02,english,A-CR-039,Monday,5,1,1,1,0,0,1
T490,G4-B01,geography,A-CR-078,Monday,2,0,1,1,1,0,0
T121,G6-G06,arabic,B-CR-022,Wednesday,2,1,1,1,0,1,1
T458,G6-G04,english,A-CR-007,Sunday,8,0,0,1,0,0,0
T152,G4-B01,music,A-CR-026,Monday,5,0,1,1,1,0,0
T490,G2-G04,math,A-CR-072,Sunday,1,1,1,1,1,0,1
T012,G3-G01,arabic,A-CR-052,Tuesday,1,1,1,1,0,0,1
T239,G1-G04,social,A-CR-027,Tuesday,6,1,1,1,0,1,1
T266,G9-G06,arabic,B-CR-077,Tuesday,7,1,1,1,1,0,1
T135,G1-B08,computer,A-CR-020,Monday,4,0,1,0,0,0,0
T294,G8-B04,arabic,B-CR-005,Thursday,7,1,0,1,0,1,0
T131,G4-G07,pe,B-CR-027,Thursday,3,0,1,0,1,0,0
T394,G2-G04,english,A-CR-012,Monday,3,1,1,1,1,0,1
T216,G2-G07,islamic,A-CR-080,Sunday,7,1,1,1,0,0,1
T192,G5-B01,english,A-CR-050,Thursday,4,0,1,1,0,0,0
T264,G3-B09,islamic,A-CR-020,Wednesday,3,1,0,1,1,0,0
T305,G8-G05,math,B-CR-006,Monday,8,1,1,1,1,0,1
T356,G4-B09,computer,B-CR-062,Tuesday,8,0,1,0,1,0,0
T296,G5-G03,english,A-CR-026,Tuesday,1,1,1,1,1,0,1
T004,G7-B02,arabic,B-CR-050,Wednesday,5,0,1,1,0,0,0
T310,G2-G05,english,A-CR-020,Thursday,3,0,1,1,0,0,0
T052,G3-G04,french,A-CR-079,Sunday,8,1,1,1,1,0,1
T109,G3-G02,library,A-CR-063,Tuesday,5,1,1,0,0,0,0
T142,G4-B04,islamic,A-CR-002,Wednesday,5,0,1,1,1,0,0
T371,G4-G10,library,B-CR-044,Wednesday,5,1,1,0,0,0,0
T205,G1-G02,islamic,A-CR-020,Monday,7,1,1,1,0,0,1
T448,G6-G06,arabic,B-CR-023,Wednesday,2,1,0,1,0,0,0
T355,G7-G04,chinese,B-PG-01,Monday,7,0,0,0,1,0,0
T269,G1-G05,french,A-CR-001,Thursday,6,0,1,1,0,0,0
T364,G2-G03,social,A-CR-023,Thursday,5,1,1,1,0,0,1
T433,G4-G07,art,B-PG-01,Tuesday,1,1,0,0,0,0,0
T379,G5-G02,science,A-CR-090,Wednesday,5,1,0,0,0,0,0
T249,G3-B10,arabic,A-CR-086,Sunday,1,0,1,1,1,0,0
T479,G6-G05,art,A-CR-066,Thursday,8,1,1,1,0,0,1
T017,G2-G04,social,A-CR-083,Tuesday,4,0,1,1,1,0,0
T103,G6-B09,art,B-CR-051,Thursday,6,1,1,1,1,0,1
T130,G5-B10,music,B-CR-039,Monday,4,0,1,1,0,0,0
T259,G3-B03,science,A-CR-090,Thursday,5,1,1,0,0,0,0
T142,G4-G10,french,B-CR-002,Monday,2,1,1,1,0,0,1
T050,G1-G06,music,A-CR-019,Sunday,5,0,1,1,1,0,0
T410,G8-B02,islamic,B-CR-053,Wednesday,1,0,0,1,1,1,0
T177,G8-G02,pe,B-CR-004,Thursday,6,0,1,0,1,0,0
T436,G8-B04,science,B-CR-031,Monday,2,0,1,0,0,0,0
T209,G3-G05,english,A-CR-018,Tuesday,6,1,1,1,1,0,1
T380,G5-B02,math,A-CR-012,Wednesday,3,1,1,1,1,1,1
T437,G5-G08,art,B-CR-020,Monday,3,0,0,1,0,0,0
T392,G8-G04,social,B-CR-053,Thursday,6,1,1,1,1,0,1
T072,G2-G10,library,A-CR-048,Thursday,5,1,1,0,0,0,0
T150,G4-B04,art,A-CR-015,Monday,5,1,1,1,1,0,1
T384,G4-B07,islamic,B-CR-054,Wednesday,5,1,1,1,1,0,1
T376,G9-B04,geography,B-CR-020,Tuesday,2,0,1,1,1,0,0
T346,G3-G07,arabic,A-CR-051,Wednesday,2,0,1,1,0,0,0
T296,G7-B03,library,B-LAB-02,Monday,4,0,0,0,0,0,0
T175,G6-B01,english,A-COM-05,Wednesday,6,0,1,0,0,0,0
T499,G5-B06,music,B-CR-064,Sunday,7,1,0,1,0,0,0
T255,G1-G10,science,A-CR-083,Sunday,5,1,0,0,1,0,0
T055,G3-B06,math,A-CR-079,Thursday,2,1,1,1,0,0,1
T052,G5-B10,science,B-CR-079,Wednesday,6,0,1,0,0,0,0
T382,G2-B08,science,A-CR-076,Tuesday,7,1,1,0,0,0,0
T036,G1-G04,science,A-CR-075,Tuesday,2,1,1,0,0,0,0
T045,G5-G01,history,A-CR-090,Monday,8,0,1,1,1,0,0
T331,G6-G06,pe,B-COM-03,Sunday,6,1,0,0,0,0,0
T088,G4-G10,arabic,B-CR-031,Thursday,4,0,0,1,0,0,0
T239,G3-G05,math,A-CR-085,Sunday,8,1,1,1,0,0,1
T476,G1-G02,pe,A-CR-048,Tuesday,7,1,1,0,0,0,0
T267,G1-G06,social,A-CR-080,Sunday,3,1,1,1,1,0,1
T483,G3-G07,computer,A-CR-076,Sunday,1,0,1,0,0,0,0
T043,G7-G04,history,B-MUS-02,Tuesday,8,0,1,0,1,0,0
T342,G4-G01,arabic,A-CR-061,Sunday,2,0,1,1,0,0,0
T263,G4-B08,english,B-MUS-03,Monday,3,0,1,0,1,0,0
T156,G9-G05,arabic,B-CR-025,Wednesday,8,0,0,1,1,0,0
T100,G1-G10,pe,A-CR-040,Tuesday,7,1,1,0,1,0,0
T299,G6-B09,arabic,B-CR-076,Thursday,3,1,1,1,0,1,1
T500,G6-B05,history,A-CR-085,Wednesday,2,0,0,1,0,1,0
T083,G3-B04,arabic,A-CR-045,Wednesday,7,1,1,1,0,0,1
T022,G1-G01,science,A-CR-008,Tuesday,1,1,1,0,1,0,0
T050,G2-B01,pe,A-CR-050,Tuesday,4,1,1,0,1,0,0
T470,G4-G06,art,B-CR-054,Wednesday,8,0,1,1,1,0,0
T277,G4-B09,pe,B-CR-004,Monday,6,1,1,0,0,0,0
T343,G7-B05,french,B-CR-068,Sunday,6,1,1,1,0,0,1
T054,G6-G10,math,B-CR-029,Thursday,6,0,1,1,1,0,0
T198,G9-G02,computer,B-CR-041,Sunday,7,0,1,0,1,0,0
T470,G4-G07,social,B-CR-074,Tuesday,4,0,1,1,1,0,0
T466,G8-G06,library,B-CR-041,Sunday,8,0,1,0,0,0,0
T099,G4-B04,history,A-CR-090,Sunday,4,1,1,1,0,0,1
T049,G2-B04,french,A-CR-014,Thursday,1,0,1,1,1,0,0
T050,G3-G08,social,A-CR-089,Sunday,6,0,1,1,1,0,0
T299,G5-G01,math,A-CR-064,Monday,3,0,1,1,1,0,0
T099,G4-B08,english,B-LAB-03,Thursday,4,1,0,0,1,1,0
T322,G7-B02,french,B-CR-014,Sunday,4,0,1,1,0,0,0
T152,G2-B04,english,A-LIB-01,Thursday,4,0,1,0,1,0,0
T013,G6-G09,arabic,B-CR-072,Monday,6,0,1,1,1,0,0
T207,G5-G02,science,A-CR-025,Monday,1,0,0,0,1,0,0
T338,G8-B02,art,B-CR-057,Tuesday,3,0,1,1,0,0,0
T421,G5-B01,computer,A-COM-03,Monday,5,0,0,0,1,0,0
T448,G4-B03,islamic,A-COM-06,Monday,2,0,1,0,1,1,0
T029,G8-B05,islamic,B-CR-008,Sunday,3,1,0,1,1,0,0
T034,G4-G01,art,A-CR-062,Sunday,6,1,1,1,1,0,1
T492,G9-G03,chinese,B-LAB-04,Monday,6,1,1,0,0,0,0
T332,G4-B01,english,A-LAB-02,Sunday,3,0,1,0,1,0,0
T122,G9-G04,history,B-CR-013,Tuesday,1,1,1,1,0,0,1
T475,G9-B06,chinese,B-CR-003,Monday,7,1,1,1,1,0,1
T202,G3-B06,library,A-CR-035,Thursday,2,0,1,0,0,0,0
T270,G5-G09,social,B-CR-042,Sunday,8,1,1,1,1,0,1
T105,G2-G01,arabic,A-CR-032,Wednesday,6,1,1,1,1,0,1
T176,G5-B03,social,A-CR-059,Thursday,2,0,1,1,1,0,0
T044,G3-B02,science,A-CR-044,Wednesday,4,0,1,0,1,0,0
T102,G8-B01,library,B-CR-051,Thursday,1,1,1,0,0,0,0
T266,G2-B09,math,A-CR-028,Thursday,5,0,1,1,0,0,0
T165,G2-B04,pe,A-CR-010,Wednesday,1,0,1,0,0,0,0
T191,G3-B02,science,A-CR-021,Sunday,8,1,1,0,1,0,0
T438,G1-B10,computer,A-CR-080,Wednesday,7,1,1,0,1,0,0
T305,G6-G03,history,A-CR-039,Sunday,8,1,1,1,0,0,1
T449,G9-B02,arabic,B-LAB-03,Wednesday,2,1,1,0,1,0,0
T088,G2-B01,math,A-CR-058,Sunday,6,1,1,1,1,0,1
T342,G2-B06,french,A-CR-015,Thursday,3,1,0,1,0,0,0
T180,G5-B09,arabic,B-CR-011,Sunday,3,1,1,1,0,0,1
T221,G6-B08,history,B-CR-022,Tuesday,6,1,0,1,1,1,0
T268,G1-G09,math,A-CR-011,Wednesday,5,1,1,1,1,0,1
T161,G6-B07,history,B-COM-02,Wednesday,7,1,1,0,1,0,0
T014,G1-G05,library,A-CR-057,Sunday,2,1,1,0,1,0,0
T261,G3-B08,library,A-COM-04,Thursday,4,1,1,0,1,0,0
T425,G2-G09,art,A-CR-003,Wednesday,8,1,1,1,0,0,1
T336,G6-G03,art,A-LIB-01,Monday,7,0,0,0,0,0,0
T380,G2-G05,arabic,A-CR-077,Tuesday,8,0,1,1,1,0,0
T304,G9-G03,arabic,B-CR-047,Wednesday,7,0,1,1,1,0,0
T247,G9-B05,math,B-CR-006,Sunday,6,1,1,1,1,0,1
T131,G9-G04,computer,B-COM-08,Wednesday,6,0,1,0,1,0,0
T037,G5-G01,science,A-CR-025,Tuesday,6,0,1,0,0,0,0
T116,G8-B02,french,B-CR-079,Monday,8,0,1,1,1,0,0
T038,G8-B01,arabic,B-CR-032,Sunday,2,0,1,1,0,0,0
T302,G2-G09,math,A-CR-069,Sunday,2,0,1,1,1,0,0
T081,G2-G04,islamic,A-CR-047,Wednesday,2,0,0,1,0,0,0
T252,G8-G01,music,B-MUS-01,Tuesday,3,1,1,0,0,0,0
T368,G9-G01,chinese,B-LAB-03,Thursday,1,0,1,0,1,0,0
T227,G9-B05,library,B-CR-036,Thursday,6,1,1,0,1,0,0
T265,G1-G02,art,A-CR-078,Sunday,7,0,0,1,1,0,0
T235,G2-B04,art,A-CR-072,Tuesday,7,1,1,1,0,0,1
T439,G6-B07,social,B-CR-009,Sunday,5,0,1,1,1,1,0
T366,G2-B08,arabic,A-CR-011,Thursday,5,0,1,1,1,0,0
T259,G2-G09,music,A-CR-016,Tuesday,2,0,1,1,0,0,0
T028,G1-B05,french,A-CR-044,Thursday,4,0,1,1,0,0,0
T274,G4-B10,library,B-CR-007,Monday,8,1,1,0,1,0,0
T370,G3-G07,french,A-CR-039,Monday,2,0,1,1,0,0,0
T467,G4-B02,pe,A-CR-041,Tuesday,6,1,0,0,0,0,0
T339,G1-B04,math,A-CR-087,Sunday,5,0,1,1,0,0,0
T471,G7-G06,pe,B-CR-023,Thursday,4,0,0,0,0,0,0
T034,G4-G09,islamic,B-CR-001,Wednesday,1,1,1,1,0,0,1
T207,G1-B06,computer,A-CR-086,Thursday,5,1,1,0,1,0,0
T382,G5-G01,islamic,A-CR-040,Sunday,3,0,1,1,0,1,0
T358,G1-B04,library,A-CR-011,Tuesday,5,1,1,0,0,0,0
T492,G9-G01,computer,B-LAB-04,Tuesday,6,1,1,1,0,0,1
T029,G7-G05,chinese,B-CR-035,Sunday,3,0,0,1,1,0,0
T023,G6-G10,science,B-CR-051,Monday,7,0,1,0,0,0,0
T261,G6-G01,geography,A-CR-080,Sunday,3,0,1,1,1,0,0
T496,G5-B01,library,A-COM-04,Sunday,2,1,1,0,0,0,0
T206,G1-B03,islamic,A-CR-049,Thursday,4,1,1,1,0,0,1
T131,G5-B07,music,B-CR-076,Wednesday,7,1,1,1,1,0,1
T118,G3-G06,science,A-CR-013,Wednesday,6,1,1,0,0,0,0
T311,G6-B08,music,B-MUS-01,Monday,6,0,0,0,0,0,0
T070,G6-B10,arabic,B-CR-065,Tuesday,6,0,1,1,0,0,0
T255,G1-G08,islamic,A-COM-06,Thursday,2,1,0,0,1,0,0
T312,G6-B09,art,B-LAB-02,Sunday,3,0,0,0,1,0,0
T441,G2-G04,pe,A-CR-074,Monday,1,0,1,0,1,0,0
T094,G4-G04,music,A-CR-010,Sunday,5,1,1,1,1,0,1
T255,G6-B09,arabic,B-CR-011,Wednesday,7,0,1,1,0,0,0
T133,G3-G04,pe,A-COM-09,Wednesday,8,0,1,0,1,0,0
T482,G2-B03,computer,A-CR-044,Wednesday,5,0,1,0,0,0,0
T258,G8-G04,arabic,B-CR-013,Monday,2,1,1,1,0,0,1
T388,G4-B03,science,A-CR-047,Tuesday,7,0,1,0,1,0,0
T033,G7-G01,pe,B-LAB-02,Sunday,5,0,1,0,0,0,0
T223,G5-G08,library,B-CR-054,Thursday,8,1,1,0,0,0,0
T134,G4-B06,social,B-CR-014,Thursday,5,0,1,1,1,0,0
T040,G1-G02,computer,A-CR-028,Sunday,4,1,1,0,0,0,0
T148,G3-B03,arabic,A-CR-089,Wednesday,1,1,1,1,1,0,1
T455,G3-B02,islamic,A-CR-044,Sunday,4,1,1,1,0,0,1
T484,G6-G06,music,B-CR-007,Tuesday,4,0,1,1,0,0,0
T313,G8-G04,computer,B-MUS-02,Monday,5,1,1,0,0,0,0
T276,G7-B01,social,B-CR-012,Tuesday,6,1,1,1,1,0,1
T401,G8-G03,arabic,B-CR-034,Sunday,1,0,1,1,0,0,0
T349,G9-G05,islamic,B-COM-07,Wednesday,7,0,0,0,0,0,0
T333,G8-G06,pe,B-CR-079,Monday,3,0,1,0,0,0,0
T063,G6-G07,computer,B-CR-077,Wednesday,4,1,1,0,0,0,0
T480,G2-G10,islamic,A-CR-075,Thursday,6,0,1,1,0,0,0
T171,G1-G03,english,A-PG-02,Sunday,7,1,1,0,0,0,0
T038,G3-B06,math,A-CR-034,Sunday,7,0,1,1,1,0,0
T495,G5-B05,history,A-CR-066,Sunday,8,0,1,1,1,1,0
T136,G7-G02,social,B-CR-078,Sunday,6,1,0,1,1,0,0
T500,G6-B05,math,A-CR-076,Thursday,7,0,1,1,0,0,0
T388,G7-B01,chinese,B-CR-035,Thursday,7,0,1,1,0,0,0
T424,G3-B02,islamic,A-COM-07,Wednesday,5,0,1,0,1,0,0
T331,G1-B02,math,A-CR-088,Sunday,7,0,1,1,1,0,0
T183,G4-B06,history,B-COM-02,Sunday,6,1,1,0,1,0,0
T206,G1-B04,arabic,A-CR-050,Monday,8,1,1,1,0,0,1
T061,G9-G03,library,B-PG-04,Tuesday,2,0,1,0,1,0,0
T123,G7-G03,music,B-CR-049,Wednesday,2,1,1,1,1,0,1
T321,G6-G09,pe,B-CR-053,Monday,7,0,1,0,1,0,0
T188,G4-G02,islamic,A-CR-011,Thursday,7,1,1,1,1,0,1
T108,G5-B07,science,B-CR-008,Thursday,2,0,0,0,1,0,0
T475,G1-B05,music,A-CR-032,Wednesday,5,1,1,1,0,0,1
T218,G8-G04,social,B-CR-037,Tuesday,4,0,1,1,1,0,0
T275,G8-G06,islamic,B-CR-072,Tuesday,3,1,1,1,1,0,1
T122,G4-G04,history,A-CR-079,Sunday,2,1,0,1,1,0,0
T240,G5-B03,history,A-CR-037,Thursday,4,0,1,1,0,0,0
T214,G2-B09,music,A-CR-038,Tuesday,6,1,1,1,0,0,1
T316,G9-G05,geography,B-CR-031,Monday,4,0,1,1,0,0,0
T157,G3-G08,library,A-CR-039,Sunday,3,1,1,0,1,0,0
T472,G3-G03,library,A-CR-029,Tuesday,4,1,1,0,1,0,0
T438,G8-B03,social,B-CR-058,Monday,3,1,0,1,0,0,0
T141,G3-G07,computer,A-CR-027,Sunday,3,1,1,0,1,0,0
T089,G8-B04,computer,B-COM-01,Wednesday,8,0,1,0,1,0,0
T248,G3-G08,music,A-CR-063,Thursday,8,0,1,1,1,0,0
T420,G7-G03,geography,B-CR-014,Thursday,6,1,1,1,1,0,1
T217,G3-G10,music,A-CR-034,Tuesday,3,0,1,1,0,0,0
T137,G1-G03,english,A-CR-055,Wednesday,2,0,1,1,0,0,0
T323,G2-B03,pe,A-CR-067,Wednesday,8,1,0,0,0,0,0
T491,G7-B03,computer,B-CR-036,Tuesday,5,0,1,0,1,0,0
T048,G2-B03,pe,A-CR-059,Thursday,1,0,0,0,0,0,0
T362,G9-G01,islamic,B-CR-044,Tuesday,2,1,1,1,0,1,1
T326,G4-B01,english,A-COM-02,Tuesday,8,0,1,0,1,0,0
T206,G4-G04,islamic,A-COM-06,Wednesday,1,0,1,0,0,0,0
T466,G4-B07,music,B-CR-001,Sunday,6,1,1,1,0,0,1
T271,G8-G01,computer,B-LAB-01,Tuesday,2,0,1,1,0,0,0
T167,G8-G02,music,B-CR-079,Sunday,7,1,0,1,0,0,0
T254,G9-G04,pe,B-CR-062,Wednesday,1,0,1,0,1,0,0
T134,G1-B04,islamic,A-COM-09,Wednesday,4,0,1,0,0,0,0
T376,G5-B04,social,A-CR-017,Tuesday,8,0,1,1,0,0,0
T092,G7-B01,arabic,B-CR-022,Thursday,3,0,1,1,1,0,0
T404,G6-B09,science,B-CR-048,Sunday,8,0,1,0,1,0,0
T198,G5-B06,science,B-CR-062,Sunday,6,1,1,0,1,0,0
T055,G1-B02,french,A-CR-079,Sunday,3,1,1,1,0,0,1
T196,G5-B05,music,A-CR-030,Sunday,4,0,1,1,1,0,0
T359,G6-B05,english,A-CR-086,Wednesday,8,1,1,1,1,0,1
T248,G8-B06,library,B-COM-04,Thursday,3,1,1,0,0,0,0
T203,G2-G04,islamic,A-CR-028,Tuesday,6,1,0,1,1,0,0
T254,G6-G04,music,A-CR-036,Tuesday,7,0,0,1,0,0,0
T328,G3-G02,library,A-CR-041,Wednesday,6,1,1,0,1,0,0
T331,G2-B04,computer,A-CR-041,Thursday,1,0,1,0,1,0,0
T133,G4-B09,geography,B-CR-063,Tuesday,2,1,1,1,0,0,1
T160,G5-G07,geography,B-CR-049,Tuesday,2,1,1,1,1,1,1
T143,G9-B06,computer,B-CR-038,Thursday,7,0,1,0,1,0,0
T419,G7-G04,geography,B-COM-03,Tuesday,5,0,1,0,1,1,0
T228,G5-G01,library,A-CR-040,Thursday,3,0,1,0,1,0,0
T447,G5-G09,arabic,B-CR-043,Tuesday,2,0,1,1,0,0,0
T128,G6-G04,pe,A-CR-073,Thursday,3,1,1,0,1,0,0
T076,G6-G10,pe,B-CR-039,Tuesday,5,0,1,0,1,0,0
T417,G4-B03,history,A-COM-09,Wednesday,3,0,1,0,1,0,0
T358,G5-G04,arabic,A-COM-05,Thursday,2,0,1,0,0,0,0
T250,G8-G06,science,B-CR-024,Tuesday,7,0,1,0,0,0,0
T188,G4-B09,arabic,B-PG-04,Tuesday,3,0,1,0,0,0,0
T351,G6-G05,science,A-CR-090,Thursday,2,0,1,0,0,0,0
T065,G5-B07,arabic,B-CR-076,Wednesday,6,0,1,1,0,1,0
T479,G6-G03,geography,A-CR-083,Sunday,6,1,1,1,0,0,1
T475,G6-B03,music,A-CR-036,Tuesday,3,1,1,1,0,0,1
T262,G4-G09,art,B-CR-012,Monday,6,1,0,1,1,0,0
T156,G5-B08,music,B-CR-014,Wednesday,4,1,0,1,1,0,0
T043,G2-G03,art,A-CR-041,Monday,3,0,1,1,0,0,0
T093,G9-B05,art,B-CR-031,Monday,2,1,1,1,0,0,1
T200,G3-B01,music,A-MUS-01,Tuesday,2,0,1,0,1,0,0
T161,G7-B06,math,B-COM-01,Thursday,1,1,0,0,1,0,0
T018,G8-B04,chinese,B-CR-061,Tuesday,3,0,1,1,0,0,0
T225,G2-B06,pe,A-CR-060,Thursday,7,0,1,0,1,0,0
T109,G5-B02,art,A-CR-025,Monday,3,0,1,1,0,0,0
T054,G1-B07,pe,A-CR-059,Monday,3,1,1,0,0,0,0
T402,G2-G09,music,A-CR-052,Wednesday,1,1,1,1,1,0,1
T460,G6-G09,geography,B-CR-062,Wednesday,6,1,1,1,0,0,1
T475,G8-B02,pe,B-CR-027,Monday,8,1,0,0,1,0,0
T318,G1-B05,math,A-CR-022,Thursday,5,0,1,1,0,0,0
T122,G8-B01,history,B-CR-062,Wednesday,4,0,1,1,0,0,0
T168,G9-B01,french,B-CR-080,Thursday,4,1,1,1,0,0,1
T319,G8-G03,chinese,B-CR-055,Tuesday,8,1,1,1,0,0,1
T447,G7-B04,history,B-CR-070,Monday,6,1,1,1,0,0,1
T122,G5-G01,library,A-CR-039,Thursday,8,1,1,0,1,0,0
T242,G1-G05,library,A-CR-020,Wednesday,5,1,1,0,1,0,0
T246,G3-B05,math,A-CR-065,Wednesday,7,0,1,1,0,0,0
T114,G8-G06,computer,B-CR-078,Monday,4,1,1,0,1,0,0
T431,G4-G09,library,B-CR-030,Thursday,3,0,1,0,1,0,0
T361,G8-G01,social,B-LAB-02,Tuesday,1,1,1,0,1,0,0
T414,G1-G07,islamic,A-CR-073,Wednesday,6,0,1,1,0,1,0
T048,G7-B05,geography,B-CR-077,Thursday,2,0,1,1,1,0,0
T196,G2-B07,art,A-CR-013,Thursday,2,0,0,1,1,0,0
T229,G4-G01,geography,A-CR-018,Tuesday,2,0,1,1,1,0,0
T218,G6-G01,social,A-CR-026,Monday,5,0,1,1,0,0,0
T346,G6-G09,art,B-CR-067,Wednesday,3,0,1,1,1,0,0
T204,G4-G06,social,B-CR-033,Wednesday,2,1,1,1,1,0,1
T292,G6-G04,social,A-CR-080,Monday,8,0,1,1,1,0,0
T045,G9-B02,french,B-CR-047,Tuesday,1,1,1,1,0,0,1
T115,G4-B04,english,A-COM-06,Wednesday,1,1,1,0,1,0,0
T136,G4-B10,library,B-CR-002,Wednesday,6,0,1,0,1,0,0
T260,G6-B01,music,A-CR-029,Monday,7,0,0,1,1,0,0
T107,G7-B04,science,B-LAB-04,Sunday,6,0,0,1,0,0,0
T315,G2-B10,social,A-CR-060,Monday,1,0,1,1,0,0,0
T447,G9-B05,computer,B-CR-010,Tuesday,2,1,1,0,0,0,0
T203,G1-G06,arabic,A-CR-069,Tuesday,3,1,1,1,1,0,1
T332,G8-B01,english,B-CR-031,Monday,1,0,1,1,0,0,0
T158,G9-B04,geography,B-CR-050,Tuesday,8,1,1,1,1,0,1
T156,G1-B08,english,A-CR-012,Monday,8,1,1,1,0,0,1
T015,G4-G03,french,A-CR-069,Wednesday,1,0,1,1,0,0,0
T030,G3-G10,pe,A-CR-036,Sunday,1,1,1,0,0,0,0
T084,G2-G09,arabic,A-CR-026,Tuesday,4,0,1,1,1,0,0
T083,G4-B02,history,A-CR-053,Monday,7,1,0,1,0,0,0
T230,G5-B08,french,B-CR-008,Sunday,5,1,0,1,0,0,0
T430,G3-B01,science,A-CR-009,Monday,5,1,1,0,1,0,0
T171,G6-B05,french,A-CR-053,Sunday,1,0,1,1,0,0,0
T287,G5-B03,math,A-CR-046,Monday,7,1,0,1,0,0,0
T198,G5-B03,computer,A-CR-082,Thursday,8,1,1,0,0,0,0
T190,G7-G04,islamic,B-CR-045,Sunday,2,1,1,1,1,0,1
T187,G5-G02,art,A-CR-088,Wednesday,1,0,1,1,0,0,0
T495,G8-B03,pe,B-CR-054,Thursday,4,0,1,0,0,0,0
T359,G5-G01,social,A-CR-086,Monday,5,0,1,1,1,1,0
T414,G3-B01,pe,A-CR-027,Wednesday,1,1,1,0,0,0,0
T023,G4-B01,math,A-CR-077,Thursday,6,1,0,1,1,0,0
T381,G1-B03,science,A-COM-07,Monday,7,0,1,0,1,0,0
T122,G5-G06,computer,B-CR-023,Monday,2,1,1,0,0,0,0
T012,G4-B04,art,A-COM-08,Thursday,6,0,1,0,0,0,0
T346,G5-B02,islamic,A-CR-042,Sunday,1,1,0,1,0,0,0
T392,G5-B06,history,B-PG-04,Wednesday,8,0,1,0,1,0,0
T195,G4-B04,science,A-MUS-01,Sunday,7,1,1,0,1,0,0
T104,G2-B04,islamic,A-CR-063,Tuesday,5,1,1,1,1,0,1
T400,G2-G05,science,A-CR-088,Sunday,6,0,1,0,1,0,0
T223,G7-G03,english,B-CR-044,Sunday,6,1,1,1,0,0,1
T482,G5-G02,art,A-CR-049,Monday,2,1,1,1,0,0,1
T124,G3-B04,art,A-MUS-03,Thursday,6,1,1,0,1,0,0
T339,G6-G05,islamic,A-CR-037,Monday,1,1,1,1,0,0,1
T152,G1-G04,english,A-CR-044,Tuesday,6,1,1,1,1,0,1
T151,G4-B02,music,A-CR-090,Monday,8,0,1,1,0,0,0
T163,G6-G07,math,B-MUS-04,Wednesday,3,0,1,0,0,0,0
T488,G7-G03,history,B-CR-044,Monday,2,0,1,1,1,0,0
T054,G5-B10,social,B-CR-006,Wednesday,1,1,1,1,1,0,1
T202,G9-B05,history,B-CR-033,Tuesday,4,0,1,1,1,0,0
T486,G9-G05,english,B-COM-07,Sunday,4,0,1,0,0,0,0
T422,G7-G04,french,B-CR-070,Sunday,6,0,1,1,0,0,0
T333,G7-G03,history,B-CR-007,Tuesday,7,0,1,1,0,0,0
T490,G1-B02,arabic,A-COM-02,Thursday,8,0,1,0,1,0,0
T257,G6-B09,history,B-CR-052,Tuesday,1,0,1,1,1,0,0
T079,G6-G07,social,B-CR-025,Monday,5,1,0,1,0,0,0
T058,G5-B07,history,B-CR-016,Tuesday,1,1,1,1,0,0,1
T362,G1-B02,computer,A-PG-01,Tuesday,5,0,0,0,1,0,0
T052,G5-G01,history,A-CR-056,Sunday,6,1,1,1,1,0,1
T391,G8-G01,science,B-CR-056,Wednesday,7,1,1,0,0,0,0
T220,G6-B07,arabic,B-CR-069,Wednesday,7,0,0,1,0,0,0
T400,G4-G07,music,B-CR-019,Tuesday,3,0,1,1,0,0,0
T336,G4-G06,arabic,B-CR-045,Wednesday,8,0,0,1,1,1,0
T301,G3-B10,library,A-CR-053,Tuesday,5,1,1,0,0,0,0
T020,G6-G03,computer,A-CR-048,Sunday,7,1,1,0,0,0,0
T489,G3-G07,pe,A-CR-086,Sunday,7,0,1,0,0,0,0
T348,G3-B09,computer,A-CR-067,Thursday,3,0,1,0,0,0,0
T498,G3-G02,english,A-CR-003,Thursday,5,1,1,1,0,0,1
T469,G5-B09,pe,B-LIB-01,Tuesday,2,0,1,0,0,0,0
T417,G3-B10,science,A-CR-072,Sunday,6,0,0,0,1,1,0
T055,G5-B01,science,A-CR-042,Tuesday,5,1,1,0,0,1,0
T219,G3-G09,science,A-CR-010,Wednesday,7,1,1,0,1,0,0
T456,G1-G07,art,A-CR-049,Monday,8,1,1,1,0,0,1
T496,G7-B03,geography,B-CR-012,Tuesday,8,1,1,1,1,0,1
T385,G3-G05,music,A-CR-021,Sunday,6,1,1,1,1,0,1
T212,G3-G04,french,A-CR-041,Thursday,7,1,1,1,0,0,1
T099,G1-G09,art,A-CR-012,Tuesday,1,0,1,1,0,0,0
T123,G3-B03,social,A-LAB-01,Sunday,7,0,1,0,0,0,0
T055,G4-B06,social,B-CR-076,Tuesday,3,1,1,1,1,0,1
T401,G4-G07,english,B-CR-008,Sunday,3,0,1,1,0,0,0
T256,G1-G06,computer,A-CR-045,Thursday,8,0,1,0,1,0,0
T389,G1-G07,arabic,A-CR-063,Sunday,3,1,1,1,0,0,1
T115,G2-B05,science,A-LAB-02,Sunday,4,1,1,1,1,0,1
T456,G3-G06,arabic,A-LIB-01,Tuesday,6,1,1,0,0,0,0
T059,G9-B04,science,B-CR-033,Wednesday,1,1,0,0,0,1,0
T083,G6-G10,computer,B-CR-008,Thursday,3,0,1,0,1,0,0
T229,G4-G09,french,B-MUS-03,Wednesday,6,0,1,0,0,0,0
T272,G4-G08,music,B-CR-071,Tuesday,8,0,1,1,1,0,0
T153,G6-G04,computer,A-CR-023,Sunday,3,1,1,0,1,0,0
T002,G2-B09,islamic,A-CR-011,Thursday,6,0,1,1,1,0,0
T450,G1-G05,french,A-COM-06,Wednesday,6,1,1,0,0,0,0
T281,G5-B08,math,B-CR-065,Tuesday,4,1,1,1,1,0,1
T282,G3-G06,science,A-CR-028,Sunday,1,0,1,0,0,0,0
T027,G6-G09,science,B-CR-033,Monday,8,0,1,0,1,0,0
T440,G7-B02,pe,B-CR-009,Thursday,7,0,1,0,1,0,0
T397,G3-G01,math,A-COM-03,Thursday,2,0,1,0,0,0,0
T143,G6-G07,arabic,B-COM-07,Tuesday,5,1,1,0,1,0,0
T443,G9-G06,computer,B-CR-051,Wednesday,4,1,1,0,0,0,0
T012,G4-G04,islamic,A-CR-009,Thursday,5,1,1,1,0,0,1
T060,G4-G09,pe,B-LAB-01,Wednesday,4,1,1,0,1,0,0
T241,G3-G03,science,A-CR-038,Sunday,3,0,1,0,1,0,0
T203,G3-B01,pe,A-CR-035,Sunday,8,0,1,0,1,0,0
T027,G3-B03,math,A-CR-023,Monday,8,1,1,1,0,0,1
T464,G1-G04,computer,A-LAB-01,Sunday,6,0,0,1,0,0,0
T337,G1-B04,computer,A-CR-089,Tuesday,2,0,1,0,1,0,0
T344,G7-B03,science,B-CR-049,Thursday,5,1,1,0,1,0,0
T116,G5-G06,islamic,B-MUS-01,Tuesday,3,1,1,0,1,0,0
T433,G3-B07,social,A-CR-041,Monday,6,0,0,1,1,0,0
T368,G5-B01,arabic,A-CR-058,Thursday,4,1,1,1,0,0,1
T153,G3-B08,science,A-CR-075,Sunday,4,0,1,0,1,0,0
T497,G3-B09,computer,A-LAB-02,Monday,4,1,1,1,1,0,1
T485,G2-B07,library,A-CR-089,Wednesday,1,0,0,0,0,0,0
T287,G5-B07,history,B-CR-029,Tuesday,6,1,1,1,1,0,1
T174,G8-B03,library,B-CR-062,Wednesday,3,1,1,0,0,0,0
T083,G4-G02,history,A-CR-038,Thursday,2,0,1,1,0,0,0
T047,G8-B05,math,B-COM-08,Sunday,5,0,0,0,0,0,0
T412,G7-B01,history,B-CR-065,Wednesday,8,1,1,1,0,0,1
T093,G1-G07,music,A-CR-015,Thursday,7,0,1,1,1,0,0
T479,G5-G08,french,B-CR-027,Wednesday,2,1,1,1,1,0,1
T058,G9-B06,library,B-CR-079,Monday,6,1,1,0,0,0,0
T485,G6-G08,computer,B-CR-051,Sunday,8,1,1,0,1,0,0
T234,G4-G09,french,B-CR-034,Wednesday,6,1,0,1,0,0,0
T489,G7-B01,math,B-CR-047,Monday,3,1,1,1,1,0,1
T055,G4-B04,history,A-CR-003,Monday,7,1,1,1,0,0,1
T457,G9-B01,social,B-CR-059,Thursday,1,0,1,1,0,0,0
T049,G2-B05,computer,A-CR-060,Sunday,3,0,1,0,1,0,0
T274,G7-G06,art,B-CR-066,Tuesday,3,0,1,1,1,0,0
T273,G3-B05,library,A-CR-071,Monday,6,1,1,0,0,0,0
T076,G6-G06,library,B-CR-066,Monday,6,0,1,0,1,0,0
T417,G5-B03,science,A-CR-015,Thursday,5,0,1,0,1,1,0
T471,G7-B01,english,B-CR-052,Sunday,5,1,1,1,0,1,1
T360,G4-G02,geography,A-PG-03,Monday,5,1,1,0,0,0,0
T032,G4-G04,geography,A-CR-056,Monday,5,1,1,1,1,0,1
T386,G1-G09,islamic,A-CR-049,Thursday,2,1,1,1,0,0,1
T100,G4-G06,computer,B-PG-02,Thursday,3,1,1,0,0,0,0
T103,G9-G06,history,B-MUS-04,Thursday,3,0,1,0,1,0,0
T449,G6-B07,pe,B-CR-031,Monday,6,1,1,0,1,0,0
T048,G3-G08,library,A-CR-057,Thursday,1,1,0,0,0,0,0
T459,G3-B07,art,A-CR-055,Sunday,2,1,1,1,1,0,1
T181,G8-B04,music,B-CR-067,Sunday,5,0,0,1,1,0,0
T097,G1-B10,pe,A-CR-054,Monday,7,0,1,0,1,0,0
T288,G7-G05,computer,B-COM-04,Thursday,1,1,0,0,0,0,0
T468,G5-B03,library,A-CR-012,Wednesday,5,1,0,0,1,0,0
T189,G7-G05,arabic,B-CR-065,Tuesday,8,0,0,1,1,1,0
T339,G6-B01,art,A-CR-025,Monday,7,0,1,1,0,0,0
T404,G2-G04,math,A-CR-049,Tuesday,8,1,0,1,0,0,0
T021,G7-B03,math,B-CR-025,Sunday,1,1,1,1,1,0,1
T263,G5-B01,math,A-CR-053,Monday,8,0,1,1,0,0,0
T170,G7-B06,geography,B-COM-07,Wednesday,8,1,1,0,1,0,0
T001,G8-B01,pe,B-CR-065,Wednesday,4,1,1,0,0,0,0
T166,G2-B04,pe,A-COM-02,Tuesday,3,0,1,0,1,0,0
T225,G4-B07,math,B-CR-009,Tuesday,6,0,1,1,0,0,0
T075,G8-G04,history,B-CR-021,Tuesday,7,0,1,1,0,0,0
T127,G1-G03,social,A-LIB-01,Monday,6,1,1,0,1,0,0
T130,G7-B05,social,B-CR-023,Thursday,2,0,0,1,0,0,0
T186,G2-B03,french,A-CR-042,Tuesday,4,0,1,1,1,0,0
T060,G4-B07,english,B-CR-004,Wednesday,2,0,1,1,1,0,0
T336,G6-G06,math,B-CR-018,Tuesday,8,0,1,1,1,0,0
T288,G2-B03,arabic,A-CR-077,Monday,3,0,0,1,1,1,0
T110,G1-B08,pe,A-CR-076,Sunday,1,1,1,0,0,0,0
T327,G5-B10,music,B-COM-08,Tuesday,7,0,1,0,1,0,0
T246,G4-G06,art,B-CR-013,Thursday,7,1,1,1,1,0,1
T462,G6-B04,science,A-CR-029,Monday,3,0,1,0,1,0,0
T123,G2-G06,computer,A-CR-019,Tuesday,6,1,1,0,0,0,0
T006,G5-B07,pe,B-CR-014,Monday,3,0,1,0,1,0,0
T083,G2-G08,science,A-CR-023,Wednesday,8,0,1,0,0,0,0
T325,G1-G08,computer,A-CR-051,Wednesday,5,1,1,0,0,0,0
T484,G3-B02,science,A-CR-032,Wednesday,1,1,1,0,1,0,0
T132,G9-G04,english,B-CR-042,Sunday,7,0,1,1,1,0,0
T238,G5-B08,english,B-PG-01,Thursday,8,1,1,0,0,0,0
T251,G9-G04,geography,B-CR-008,Monday,4,1,1,1,1,0,1
T493,G3-G04,computer,A-MUS-01,Thursday,6,0,1,0,0,0,0
T426,G7-G06,islamic,B-MUS-01,Sunday,1,1,1,0,0,0,0
T485,G1-B08,islamic,A-CR-007,Tuesday,8,0,1,1,0,0,0
T034,G5-G06,social,B-CR-014,Thursday,8,1,1,1,0,0,1
T276,G7-B04,pe,B-MUS-04,Tuesday,1,1,1,0,1,0,0
T426,G4-G03,library,A-CR-061,Sunday,7,1,1,0,1,0,0
T154,G8-B02,art,B-CR-065,Monday,5,1,1,1,1,0,1
T265,G4-B05,library,A-CR-058,Tuesday,7,1,1,0,1,0,0
T144,G4-B05,computer,A-COM-07,Tuesday,1,0,1,0,0,0,0
T450,G1-B01,social,A-CR-007,Wednesday,1,0,1,1,0,0,0
T086,G8-G05,french,B-CR-069,Thursday,4,1,1,1,0,0,1
T093,G1-B06,art,A-MUS-03,Tuesday,5,1,1,0,1,0,0
T308,G8-B04,social,B-CR-074,Sunday,7,1,1,1,0,0,1
T112,G5-G06,math,B-COM-04,Thursday,8,1,1,0,0,0,0
T082,G2-G10,arabic,A-CR-001,Thursday,5,0,1,1,1,0,0
T428,G1-B09,french,A-CR-055,Thursday,2,1,0,1,0,0,0
T109,G6-B08,history,B-PG-01,Monday,2,0,1,0,1,0,0
T189,G4-G03,art,A-COM-07,Wednesday,6,0,1,0,0,0,0
T010,G3-B04,music,A-CR-033,Tuesday,6,0,1,1,0,0,0
T450,G1-B06,music,A-CR-052,Monday,4,0,1,1,0,0,0
T316,G4-B01,english,A-CR-058,Thursday,7,1,1,1,1,0,1
T161,G7-B02,science,B-CR-076,Thursday,1,1,0,0,1,0,0
T479,G7-B05,chinese,B-CR-024,Sunday,1,0,1,1,1,0,0
T078,G6-B10,art,B-CR-064,Monday,6,0,1,1,1,0,0
T046,G1-B09,art,A-CR-036,Wednesday,8,1,1,1,1,0,1
T333,G2-B02,french,A-CR-051,Monday,3,1,1,1,1,0,1
T375,G3-B02,french,A-COM-01,Tuesday,6,0,1,0,1,0,0
T446,G3-G05,social,A-CR-079,Monday,7,0,1,1,0,0,0
T429,G8-B02,music,B-CR-067,Thursday,5,0,1,1,0,0,0
T268,G5-G07,english,B-CR-060,Thursday,6,1,1,1,0,0,1
T392,G7-B01,pe,B-CR-060,Thursday,8,0,1,0,1,0,0
T359,G1-G02,library,A-PG-02,Thursday,5,0,0,0,1,0,0
T010,G4-B05,geography,A-CR-058,Wednesday,1,0,1,1,0,0,0
T194,G8-G01,english,B-CR-061,Tuesday,6,0,1,1,1,0,0
T464,G2-G03,pe,A-CR-078,Sunday,7,0,1,0,0,0,0
T012,G3-G01,computer,A-CR-032,Thursday,5,1,1,0,0,0,0
T035,G3-G08,french,A-CR-012,Sunday,8,0,0,1,0,0,0
T227,G7-G06,history,B-CR-039,Tuesday,4,0,1,1,1,0,0
T099,G2-B06,arabic,A-CR-078,Sunday,8,1,1,1,0,0,1
T054,G6-B09,music,B-CR-058,Monday,7,1,1,1,1,0,1
T208,G6-G04,geography,A-CR-025,Monday,4,1,1,1,1,0,1
T407,G1-G05,library,A-PG-03,Sunday,2,0,1,0,0,0,0
T111,G5-B04,math,A-CR-060,Monday,1,0,1,1,0,0,0
T141,G6-G08,french,B-CR-062,Wednesday,6,1,1,1,0,0,1
T375,G1-G07,islamic,A-CR-086,Wednesday,3,1,1,1,1,0,1
T060,G3-B04,arabic,A-CR-086,Wednesday,4,0,1,1,0,0,0
T407,G6-G07,arabic,B-LAB-03,Wednesday,8,0,1,0,1,1,0
T300,G2-B07,math,A-MUS-01,Sunday,3,0,1,0,1,0,0
T054,G2-B08,music,A-CR-030,Thursday,4,1,1,1,0,0,1
T154,G6-G06,geography,B-CR-026,Thursday,6,0,1,1,1,0,0
T407,G7-G02,computer,B-CR-010,Wednesday,7,0,1,0,1,0,0
T423,G1-G06,english,A-CR-082,Tuesday,3,0,0,1,1,0,0
T290,G5-G03,art,A-CR-031,Wednesday,6,0,1,1,1,0,0
T033,G4-B03,computer,A-CR-070,Thursday,6,1,1,0,1,0,0
T206,G8-G06,music,B-CR-069,Tuesday,8,0,0,1,1,0,0
T022,G4-G10,arabic,B-COM-06,Monday,4,1,1,0,0,0,0
T194,G7-G06,french,B-CR-036,Tuesday,5,0,1,1,1,0,0
T031,G3-G08,islamic,A-CR-064,Monday,5,0,1,1,1,0,0
T101,G9-G01,music,B-CR-018,Tuesday,4,0,1,1,1,0,0
T415,G4-G04,math,A-MUS-01,Wednesday,6,1,1,0,0,0,0
T395,G6-G02,social,A-CR-034,Wednesday,6,0,0,1,0,0,0
T354,G4-B09,pe,B-CR-059,Thursday,5,1,0,0,1,0,0
T092,G2-B06,pe,A-CR-056,Tuesday,2,0,1,0,0,0,0
T053,G3-G08,art,A-COM-06,Thursday,7,1,1,0,0,0,0
T251,G8-B06,islamic,B-CR-038,Wednesday,6,0,1,1,1,0,0
T158,G6-B01,french,A-PG-02,Monday,5,1,0,0,0,0,0
T056,G7-B06,art,B-CR-045,Sunday,5,1,1,1,1,0,1
T412,G3-G05,arabic,A-CR-007,Sunday,6,0,0,1,1,0,0
T091,G3-B07,english,A-COM-07,Wednesday,5,0,1,0,0,0,0
T041,G4-G08,science,B-CR-029,Wednesday,4,0,1,0,1,1,0
T121,G7-B01,pe,B-CR-050,Monday,5,0,1,0,0,0,0
